international_trade,max_eff,eutax,neighbor_influence,tax_influence,member_trade_multiplier,tax_distribution,Run,average_cooperativeness,member_count,other_wealth,total_wealth,member_wealth,other_eff,total_eff,member_eff,G
5,True,0.439453125,0.14833984375,0.1037109375,0.1353515625,0.99345703125,1.162890625,107.0,213.0,-0.3560300339420569,108.40219129597476,113.49484485273035,123.63255707318771,1.3854343029196938,1.4713898861763954,1.6424977294817922,0.21651383898518783,0.7316204371720686
6,True,0.439453125,0.14833984375,0.1037109375,0.1353515625,1.2083007812500002,0.901953125,313.0,7.0,0.9375591284676119,127.89872852665181,125.78347583627729,125.73616986556604,1.7582940180270683,1.5242814314789128,1.519047923153555,0.1766843142143208,0.22248620456440055
7,True,0.091796875,0.54970703125,0.1001953125,0.0138671875,0.99345703125,0.901953125,131.0,189.0,-0.12346348387854258,114.89966322997303,114.65497382874818,114.30194866209557,1.4997183867854027,1.492471383006711,1.4820157821351632,0.07005164672086436,0.8143930928477833
5,True,0.439453125,0.14833984375,0.1037109375,0.1353515625,0.99345703125,1.162890625,107.0,213.0,-0.38656175089638717,108.57904040252413,115.96545311400955,130.66924664248052,1.3507406096880046,1.4879262247897738,1.76101534644096,0.2194899508186606,0.7613983072822396
6,True,0.439453125,0.14833984375,0.1037109375,0.1353515625,1.2083007812500002,0.901953125,320.0,0.0,0.965904960875981,0.0,125.06280871044063,125.06280871044063,0.0,1.5315071921233414,1.5315071921233414,0.1702683904475938,0.11794373214691084
7,True,0.091796875,0.54970703125,0.1001953125,0.0138671875,0.99345703125,0.901953125,135.0,185.0,-0.15782384278909894,115.62659607302363,115.33058228431847,114.9249337590558,1.4945801596982415,1.491906235438168,1.4882419688595487,0.07103409343817302,0.8076714218099063
