,max_eff,eutax,neighbor_influence,tax_influence,member_trade_multiplier,tax_distribution
0,0.439453125,0.14833984375,0.1037109375,0.1353515625,1.2083007812500002,1.162890625
1,0.091796875,0.14833984375,0.1037109375,0.1353515625,1.2083007812500002,1.162890625
2,0.439453125,0.54970703125,0.1037109375,0.1353515625,1.2083007812500002,1.162890625
3,0.439453125,0.14833984375,0.10019531250000001,0.1353515625,1.2083007812500002,1.162890625
4,0.439453125,0.14833984375,0.1037109375,0.013867187500000001,1.2083007812500002,1.162890625
5,0.439453125,0.14833984375,0.1037109375,0.1353515625,0.9934570312500001,1.162890625
6,0.439453125,0.14833984375,0.1037109375,0.1353515625,1.2083007812500002,0.901953125
7,0.091796875,0.54970703125,0.10019531250000001,0.013867187500000001,0.9934570312500001,0.901953125
